Category,Subcategory,Indicator,Will Mock Detailed Data,Available Dimensions,Forecast Type,Threshold,Threshold Category,Flagged for Review,Value Data Type,Current Value,Current Value Date,Previous Value,Previous Value Date,Current vs Previous Delta,Current vs Previous Delta (%),Update Cadence/Frequency,Frequency,Lag,Status,Reliability Flag,Source,Can be shared publicly? ,Data Steward
Healthcare system,Healthcare utilization,Bed Census data in NYC % of available beds,,NA,,0.85,,,Percentage,0.89,8/19/26,0.9,8/18/26,-0.01,-1.111111111,Daily at 3pm ET,Daily,1 day,,NA,Hospital Bed Capacity,Yes,NA - External source
,Healthcare utilization,Bed Census data in NYC ICU beds,,NA,,0.85,,,Percentage,0.89,8/19/26,0.9,8/18/26,-0.01,-1.111111111,Daily at 3pm ET,Daily,1 day,,NA,Hospital Bed Capacity,Yes,NA - External source
,Healthcare utilization,Public Health Clinic clinic cycle time,,"Location, Clinic type",,-,Severely Impacted,,String,Normal,8/19/26,High,8/18/26,NA,NA,"Daily, 9:01AM ",Daily,1 day,,NA,BPHC Clinic Data,,Kelly Jamison and Christine Borges
,Healthcare utilization,Public Health Clinic visit volume,,"Location, Clinic type",,-,Severely Impacted,,String,Low,8/19/26,High,8/12/26,NA,NA,"Daily, 9:01AM ",Daily,1 day,,NA,BPHC Clinic Data,,Kelly Jamison and Christine Borges
,Priority diseases,% of ED visits with Respiratory Illness diagnosis,,NA,,10% increase,,,Percentage,10.1,8/19/26,9.5,8/12/26,0.6,6.315789474,Weekly,Weekly,1 day,,NA,Syndromic,,Ellen and Hilary
,Wastewater,"Respiratory Virus Normalized Copies (SARS-CoV-2, RSV, Influenza A, and Influenza B) ",,Pathogen,,5000000?,,,Number,8965465,8/19/26,5890456,8/12/26,3075009,52.20324199,Weekly,Weekly,3-5 days,,NA,Wastewater data server,,Elizabeth Watts
,Wastewater,"Wastewater detection status (Polio, Mpox Clade I, Mpox Clade II)",,Pathogen,,-,Detected,,String,Detected,8/19/26,Not tested,8/12/26,NA,NA,Weekly,Weekly,3-5 days,,NA,Wastewater data server,,Elizabeth Watts
,Food safety,311 foodborne disease complaints by individuals affected,,"1-2 individuals, >2 individuals",,30?,,,Number,14,8/19/26,13,8/18/26,1,7.692307692,Daily,Daily,None,,NA,311 Complaint Data Repository,,Joanne Casarell and Andrew Faciano
,Food safety,311 foodborne disease complaints 2025 and 2026,,Year,,30,,,Number,6,8/19/26,13,8/18/26,-7,-53.84615385,Daily,Daily,None,,NA,311 Complaint Data Repository,,Joanne Casarell and Andrew Faciano
,Environmental health,Heat related ED visits,,NA,,50,,,Number,30,8/19/26,35,8/18/26,-5,-14.28571429,Daily,Daily,?,,NA,Syndromic,,Kathryn (Katie) Lane and Ramona
,Environmental health,Heat index,,NA,,95,,,Number,74,8/19/26,72,8/18/26,2,2.777777778,Daily,Daily,1 day,,NA,GitHub,Yes,Kathryn (Katie) Lane
,Environmental exposure,Weather alerts from the National Weather Service,,,,-,,,String,No Alerts,8/19/26,No Alerts,8/18/26,NA,NA,Daily,Daily,1 day,,NA,National Weather Service API,Yes,
,Mortality,All cause mortality trends and historical,,,,110?,,,Number,90,8/19/26,77,8/18/26,13,16.88311688,Daily,Daily,2-3 days,,NA,MortalSS,,Alejandro Castro
,Mortality,New rare and reportable deaths,,Death type,,10?,,,Number,5,8/19/26,4,8/18/26,1,25,Daily,Daily,2-3 days,,NA,MortalSS,,Alejandro Castro
,Mental health,Lack Needed Mental Health Treatment,,,,,,,Percentage,12,3/1/26,9,12/1/25,3,33.33333333,HOP dependent,Varies,HOP dependent,,NA,NYC Health Opinion Poll,,Yangchen
,Mental health,Adult anxiety and depression,,,,,,,Percentage,20,4/1/23,14,2/1/24,6,42.85714286,HOP dependent,Varies,HOP dependent,,NA,NYC Health Opinion Poll,,Yangchen
Affordability/insecurity,Reported financial insecurity,Financial Stress,,Stress level,,,,,Percentage,55,3/1/25,50,7/1/26,5,10,HOP dependent,Varies,HOP dependent,,NA,NYC Health Opinion Poll,,Yangchen
Affordability/insecurity,Reported food insecurity,Emergency food sources,,"Often or sometimes, rarely or never",,,,,Percentage,70.3,3/1/26,71.5,12/1/25,-1.2,-1.678321678,HOP dependent,Varies,HOP dependent,,NA,NYC Health Opinion Poll,,Yangchen
Affordability/insecurity,Reported food insecurity,Enough to eat,,"Enough, not always, often not, sometimes not",,,,,Percentage,36.3,3/1/26,25.3,12/1/25,11,43.47826087,HOP dependent,Varies,HOP dependent,,NA,NYC Health Opinion Poll,,Yangchen
Affordability/insecurity,Reported food insecurity,Run out of food,,None,,,,,Percentage,22,3/1/26,18,12/1/25,4,22.22222222,HOP dependent,Varies,HOP dependent,,NA,NYC Health Opinion Poll,,Yangchen
Health care utilization,ED Visits,ED Visits Overall,,None,,,,,Number,344000,8/1/26,340000,7/1/26,4000,1.176470588,"Monthly for PHISS, but can be daily",Daily,?,,NA,Syndromic,,Ellen and Hilary
Health care utilization,ED Visits,ED Visits by Age,,Age Groups,,,,,Number,54345,8/1/26,52467,7/1/26,1878,3.579392761,"Monthly for PHISS, but can be daily",Daily,?,,NA,Syndromic,,Ellen and Hilary
Health care utilization,ED Visits,ED Visits by Ambulatory Care Sensitive Conditions,,None,,,,,Number,57654,8/1/26,55234,7/1/26,2420,4.381359308,"Monthly for PHISS, but can be daily",Daily,?,,NA,Syndromic,,Ellen and Hilary
Health care utilization,ED Visits,ED Visits by Poverty (Neighborhood),,"Levels - Low, Medium, High, Very High",,,,,Number,141876,8/1/26,134765,7/1/26,7111,5.276592587,"Monthly for PHISS, but can be daily",Daily,?,,NA,Syndromic,,Ellen and Hilary
Health care utilization,ED Visits,ED Visits by % Neighborhood Residents Non-Citizens,,Quartiles 1 to 4,,,,,Number,77456,9/1/23,80976,8/1/23,-3520,-4.346967003,"Monthly for PHISS, but can be daily",Daily,?,,NA,Syndromic,,Ellen and Hilary
Health care utilization,ED Admits,ED Admits Overall,,None,,,,,Number,52333,9/1/23,51876,8/1/23,457,0.880946873,"Monthly for PHISS, but can be daily",Daily,?,,NA,Syndromic,,Ellen and Hilary
Health care utilization,ED Admits,ED Admits by Age,,Age Groups,,,,,Number,8675,9/1/23,8907,8/1/23,-232,-2.604692938,"Monthly for PHISS, but can be daily",Daily,?,,NA,Syndromic,,Ellen and Hilary
Health care utilization,ED Admits,ED Admits by Ambulatory Care Sensitive Conditions,,None,,,,,Number,9654,8/1/26,9234,7/1/26,420,4.548408057,"Monthly for PHISS, but can be daily",Daily,?,,NA,Syndromic,,Ellen and Hilary
Health care utilization,ED Admits,ED Admits by Poverty (Neighborhood),,"Levels - Low, Medium, High, Very High",,,,,Number,10876,8/1/26,13765,7/1/26,-2889,-20.98801308,"Monthly for PHISS, but can be daily",Daily,?,,NA,Syndromic,,Ellen and Hilary
Health care utilization,ED Admits,ED Admits by % Neighborhood Residents Non-Citizens,,Quartiles 1 to 4,,,,,Number,15456,9/1/23,14976,8/1/23,480,3.205128205,"Monthly for PHISS, but can be daily",Daily,?,,NA,Syndromic,,Ellen and Hilary
Behavioral and Mental Health,Mortality,Overdose Deaths,,"Race, Poverty level",,,,,Number,456,Q3 2025,463,Q2 2025,-7,-1.51187905,Quarterly/Annual,Quarterly,,,,BADUPCT,,
,Birth Outcomes,Low Birthweight,,"Nativity, Race",,,,,Percentage,9.1,Q4 2025,8.7,Q3 2025,0.4,4.597701149,Quarterly,Quarterly,,,,BVS,,
,Birth Outcomes,Preterm Birth,,"Nativity, Race",,,,,Percentage,9.7,Q4 2025,9.4,Q3 2025,0.3,3.191489362,Quarterly,Quarterly,,,,BVS,,
,Births,Parents Born Outside US,,NA,,,,,Percentage,49.21,2024,48.8,2023,0.41,0.840163934,Annual,Annual,,,,BVS,,
,Births,Parents on Medicaid,,NA,,,,,Percentage,56.37,2024,57.3,2023,-0.93,-1.623036649,Annual,,,,,BVS,,
,Health care utilization,Interactions with clients in EI and public health clinics,,,,,,,,,,,,,,,,,,,,,
Affordability/insecurity,Access to Care,Medicaid Enrollment,,,,,,,Number,3604177,26-Jun,"3,607,467",26-May,-3290,31,Monthly,Monthly,,,,NYS Health (https://www.health.ny.gov/health_care/medicaid/enrollment/historical/72_months.htm),Yes,NA - External source
Affordability/insecurity,Food Insecurity,SNAP Recipients,,NA,,,,,Number,566510,26-Jun,576123,26-May,-9613,-1.668567302,Monthly,Monthly,,,,Human Resources Administration (https://www.nyc.gov/site/hra/about/facts.page),Yes,NA - External source
Affordability/insecurity,Food Insecurity,Cash Assistance Receipients,,NA,,,,,Number,1678196,26-Jun,1685281,26-May,-7085,-0.420404668,Monthly,Monthly,,,,Human Resources Administration (https://www.nyc.gov/site/hra/about/facts.page),Yes,NA - External source
Affordability/insecurity,Economic Insecurity,Number of Individuals Served by NYC Homeless Shelters,,"Single Adults, Families with Children, Adult Families",,,,,Number,95490,26-Mar,95553,26-Feb,-63,-0.065931996,Monthly,Monthly,,,,Dept. of Homelessness Services (https://www.nyc.gov/site/dhs/about/stats-and-reports.page),Yes,NA - External source
,Trust in institutions,Trust in NYC Government Action,,Race,,,,,Percentage,45,26-Mar,39,25-Dec,6,15.38461538,HOP dependent,Varies,HOP dependent,,,NYC Health Opinion Poll,,Yangchen
,Trust in institutions,Trust in Federal Government Action,,Race,,,,,Percentage,22,26-Mar,18,25-Dec,4,22.22222222,HOP dependent,Varies,HOP dependent,,,NYC Health Opinion Poll,,Yangchen
,Trust in institutions,Trust in Health Info from NYC Government,,Race,,,,,Percentage,61,26-Mar,53,25-Dec,8,15.09433962,HOP dependent,Varies,HOP dependent,,,NYC Health Opinion Poll,,Yangchen
,Trust in institutions,Trust in Health Info from Federal Government,,Race,,,,,Percentage,33,26-Mar,28,25-Dec,5,17.85714286,HOP dependent,Varies,HOP dependent,,,NYC Health Opinion Poll,,Yangchen